model,lang,band,idx,T,P,lstar,lstar_over_L,lstar_consec,lpeak,Hdeep,conv,foc,dif,median,max
Qwen3-8B,zh,short,0,237,0.7481,18,0.5,18,4,0.229,0.395,0.5582,0.0469,0.3599,0.8995
Qwen3-8B,zh,short,1,312,0.7437,18,0.5,19,3,0.2039,0.4306,0.5234,0.046,0.3442,0.9009
Qwen3-8B,zh,short,2,220,0.7692,19,0.5278,18,3,0.2299,0.3733,0.5781,0.0486,0.37,0.9107
Qwen3-8B,zh,short,3,273,0.7471,19,0.5278,22,3,0.2212,0.3967,0.5512,0.0521,0.3613,0.8963
Qwen3-8B,zh,short,4,307,0.7264,19,0.5278,21,4,0.211,0.4115,0.5477,0.0408,0.3588,0.8971
Qwen3-8B,zh,short,5,294,0.7521,19,0.5278,22,4,0.2394,0.3741,0.5781,0.0477,0.3758,0.9037
Qwen3-8B,zh,short,6,307,0.7271,19,0.5278,22,4,0.23,0.3984,0.5573,0.0443,0.3535,0.8982
Qwen3-8B,zh,mid,7,511,0.7221,20,0.5556,22,3,0.1998,0.4392,0.5243,0.0365,0.3346,0.9047
Qwen3-8B,zh,mid,8,435,0.7205,19,0.5278,23,4,0.2437,0.3681,0.5825,0.0495,0.3741,0.9161
Qwen3-8B,zh,mid,9,399,0.7299,20,0.5556,22,4,0.2291,0.3845,0.5668,0.0486,0.3674,0.919
Qwen3-8B,zh,mid,10,456,0.7373,21,0.5833,22,3,0.2242,0.3924,0.5547,0.053,0.3707,0.9015
Qwen3-8B,zh,mid,11,416,0.7386,20,0.5556,22,4,0.2026,0.3924,0.5582,0.0495,0.3606,0.9045
Qwen3-8B,zh,mid,12,401,0.7356,19,0.5278,22,3,0.2249,0.3854,0.572,0.0425,0.37,0.9119
Qwen3-8B,zh,mid,13,436,0.7389,20,0.5556,22,3,0.2061,0.4071,0.546,0.0469,0.3591,0.9056
Qwen3-8B,zh,long,14,512,0.7103,21,0.5833,22,4,0.2235,0.3932,0.5521,0.0547,0.3702,0.9053
Qwen3-8B,zh,long,15,512,0.7416,21,0.5833,22,3,0.2106,0.4201,0.5286,0.0512,0.3568,0.9019
Qwen3-8B,zh,long,16,512,0.7354,19,0.5278,22,4,0.2087,0.4062,0.5521,0.0417,0.3542,0.915
Qwen3-8B,zh,long,17,512,0.7398,21,0.5833,22,4,0.2248,0.3741,0.5729,0.053,0.3757,0.908
Qwen3-8B,zh,long,18,512,0.7478,19,0.5278,22,3,0.2216,0.4167,0.5477,0.0356,0.3511,0.9048
Qwen3-8B,zh,long,19,512,0.736,20,0.5556,22,4,0.2102,0.4089,0.5425,0.0486,0.3608,0.9088
Qwen3-8B,en,short,0,211,0.7199,19,0.5278,22,2,0.2631,0.3377,0.6024,0.0599,0.3931,0.8942
Qwen3-8B,en,short,1,255,0.706,17,0.4722,21,3,0.2473,0.3646,0.5877,0.0477,0.3786,0.877
Qwen3-8B,en,short,2,219,0.7158,18,0.5,21,2,0.2528,0.3802,0.5668,0.053,0.3713,0.9025
Qwen3-8B,en,short,3,314,0.6977,18,0.5,21,3,0.2521,0.3845,0.566,0.0495,0.3656,0.9036
Qwen3-8B,en,short,4,207,0.7308,18,0.5,20,3,0.2426,0.375,0.5807,0.0443,0.3802,0.8904
Qwen3-8B,en,short,5,223,0.7051,19,0.5278,22,3,0.2475,0.3568,0.5833,0.0599,0.3868,0.8941
Qwen3-8B,en,short,6,281,0.659,19,0.5278,22,3,0.2681,0.342,0.5938,0.0642,0.394,0.8849
Qwen3-8B,en,mid,7,350,0.6986,19,0.5278,22,3,0.2573,0.3724,0.5781,0.0495,0.375,0.904
Qwen3-8B,en,mid,8,291,0.7024,19,0.5278,22,3,0.2681,0.349,0.6007,0.0503,0.3888,0.9057
Qwen3-8B,en,mid,9,323,0.7171,19,0.5278,21,3,0.2267,0.4132,0.5399,0.0469,0.3476,0.8974
Qwen3-8B,en,mid,10,383,0.709,19,0.5278,22,2,0.2294,0.3898,0.5599,0.0503,0.3734,0.9007
Qwen3-8B,en,mid,11,405,0.7068,19,0.5278,22,3,0.2373,0.3793,0.5651,0.0556,0.3762,0.9104
Qwen3-8B,en,mid,12,414,0.6862,19,0.5278,22,2,0.251,0.3785,0.5694,0.0521,0.3741,0.9152
Qwen3-8B,en,mid,13,366,0.7148,19,0.5278,22,2,0.243,0.3733,0.5755,0.0512,0.3729,0.9087
Qwen3-8B,en,long,14,512,0.6547,19,0.5278,23,2,0.263,0.3464,0.6042,0.0495,0.3867,0.9164
Qwen3-8B,en,long,15,512,0.7006,19,0.5278,22,3,0.2493,0.388,0.5616,0.0503,0.3645,0.9213
Qwen3-8B,en,long,16,512,0.6897,19,0.5278,22,3,0.2594,0.3611,0.5833,0.0556,0.3722,0.9194
Qwen3-8B,en,long,17,512,0.6744,19,0.5278,22,2,0.2616,0.3776,0.5712,0.0512,0.3693,0.9148
Qwen3-8B,en,long,18,512,0.6813,19,0.5278,22,2,0.2613,0.3498,0.5955,0.0547,0.3776,0.9193
Qwen3-8B,en,long,19,512,0.6938,19,0.5278,23,3,0.2531,0.3585,0.5877,0.0538,0.3811,0.9172
Qwen3-4B,zh,short,0,237,0.7652,19,0.5278,19,17,0.2016,0.428,0.5321,0.0399,0.3356,0.8961
Qwen3-4B,zh,short,1,312,0.7598,20,0.5556,20,2,0.1837,0.4635,0.4991,0.0373,0.3185,0.8985
Qwen3-4B,zh,short,2,220,0.7708,19,0.5278,19,2,0.2076,0.4019,0.5547,0.0434,0.3563,0.9011
Qwen3-4B,zh,short,3,273,0.7618,22,0.6111,22,2,0.198,0.4271,0.5312,0.0417,0.3397,0.8911
Qwen3-4B,zh,short,4,307,0.7538,21,0.5833,20,2,0.184,0.4236,0.5356,0.0408,0.34,0.9179
Qwen3-4B,zh,short,5,294,0.7615,20,0.5556,22,2,0.2121,0.4019,0.5521,0.046,0.3572,0.92
Qwen3-4B,zh,short,6,307,0.754,21,0.5833,22,17,0.1958,0.4436,0.5165,0.0399,0.3294,0.8934
Qwen3-4B,zh,mid,7,511,0.7258,22,0.6111,22,2,0.1939,0.4705,0.4965,0.033,0.3185,0.9147
Qwen3-4B,zh,mid,8,435,0.7273,21,0.5833,23,2,0.2154,0.4089,0.5503,0.0408,0.3582,0.909
Qwen3-4B,zh,mid,9,399,0.7334,22,0.6111,22,2,0.2047,0.4141,0.5434,0.0425,0.3536,0.9083
Qwen3-4B,zh,mid,10,456,0.7491,21,0.5833,22,2,0.1992,0.4236,0.5347,0.0417,0.3435,0.9013
Qwen3-4B,zh,mid,11,416,0.7509,22,0.6111,22,2,0.1793,0.441,0.5191,0.0399,0.3303,0.9211
Qwen3-4B,zh,mid,12,401,0.7422,21,0.5833,22,2,0.1958,0.4115,0.5538,0.0347,0.3524,0.9209
Qwen3-4B,zh,mid,13,436,0.7507,22,0.6111,22,2,0.1885,0.4384,0.5182,0.0434,0.3419,0.906
Qwen3-4B,zh,long,14,512,0.7398,22,0.6111,23,2,0.1931,0.4158,0.5382,0.046,0.3532,0.9078
Qwen3-4B,zh,long,15,512,0.7347,22,0.6111,22,2,0.1966,0.4227,0.5356,0.0417,0.3462,0.9023
Qwen3-4B,zh,long,16,512,0.7224,21,0.5833,22,2,0.2034,0.4349,0.5321,0.033,0.3383,0.9203
Qwen3-4B,zh,long,17,512,0.7395,22,0.6111,23,2,0.1914,0.4054,0.5503,0.0443,0.3532,0.9073
Qwen3-4B,zh,long,18,512,0.7632,22,0.6111,22,2,0.1886,0.4601,0.5148,0.0252,0.3219,0.9034
Qwen3-4B,zh,long,19,512,0.7222,22,0.6111,22,2,0.2053,0.434,0.5234,0.0425,0.3377,0.9066
Qwen3-4B,en,short,0,211,0.7597,22,0.6111,21,2,0.2293,0.3863,0.5608,0.053,0.3652,0.9506
Qwen3-4B,en,short,1,255,0.7392,19,0.5278,21,2,0.2194,0.3924,0.5668,0.0408,0.3516,0.9416
Qwen3-4B,en,short,2,219,0.7592,21,0.5833,22,2,0.2208,0.4115,0.5469,0.0417,0.3521,0.9329
Qwen3-4B,en,short,3,314,0.7443,21,0.5833,21,2,0.2176,0.4271,0.5339,0.0391,0.3372,0.9418
Qwen3-4B,en,short,4,207,0.7654,20,0.5556,19,2,0.215,0.4045,0.5512,0.0443,0.3626,0.9367
Qwen3-4B,en,short,5,223,0.7399,21,0.5833,22,2,0.2251,0.3767,0.5703,0.053,0.3704,0.9488
Qwen3-4B,en,short,6,281,0.6999,22,0.6111,22,2,0.2412,0.3776,0.5738,0.0486,0.3815,0.9481
Qwen3-4B,en,mid,7,350,0.7366,22,0.6111,22,2,0.2265,0.4045,0.5538,0.0417,0.3528,0.9349
Qwen3-4B,en,mid,8,291,0.7368,21,0.5833,22,2,0.2329,0.3819,0.5764,0.0417,0.3643,0.9394
Qwen3-4B,en,mid,9,323,0.7498,22,0.6111,21,2,0.2159,0.4158,0.5451,0.0391,0.3413,0.9395
Qwen3-4B,en,mid,10,383,0.7436,22,0.6111,22,2,0.2069,0.4123,0.5443,0.0434,0.3603,0.9466
Qwen3-4B,en,mid,11,405,0.7402,22,0.6111,22,2,0.2177,0.3984,0.553,0.0486,0.3641,0.9435
Qwen3-4B,en,mid,12,414,0.7126,22,0.6111,22,2,0.244,0.3681,0.5903,0.0417,0.3689,0.9485
Qwen3-4B,en,mid,13,366,0.7511,22,0.6111,22,2,0.2137,0.4002,0.5573,0.0425,0.3544,0.9446
Qwen3-4B,en,long,14,512,0.6856,22,0.6111,23,2,0.2429,0.3646,0.5946,0.0408,0.3737,0.957
Qwen3-4B,en,long,15,512,0.7286,22,0.6111,22,2,0.2264,0.4219,0.533,0.0451,0.3562,0.9489
Qwen3-4B,en,long,16,512,0.7346,22,0.6111,22,2,0.2165,0.4054,0.546,0.0486,0.3525,0.9386
Qwen3-4B,en,long,17,512,0.7284,22,0.6111,22,2,0.2156,0.4245,0.5339,0.0417,0.3385,0.9471
Qwen3-4B,en,long,18,512,0.7209,22,0.6111,22,2,0.232,0.3828,0.5703,0.0469,0.3632,0.9462
Qwen3-4B,en,long,19,512,0.7275,22,0.6111,23,2,0.2234,0.3967,0.5573,0.046,0.3673,0.9419
Llama-3.1-8B,zh,short,0,308,0.8261,14,0.4375,0,11,0.2179,0.5654,0.4268,0.0078,0.2672,0.849
Llama-3.1-8B,zh,short,1,391,0.8253,14,0.4375,0,11,0.1997,0.5967,0.3945,0.0088,0.2519,0.8269
Llama-3.1-8B,zh,short,2,287,0.8209,13,0.4062,0,11,0.2096,0.5537,0.4385,0.0078,0.2647,0.8477
Llama-3.1-8B,zh,short,3,276,0.8057,14,0.4375,0,11,0.2374,0.543,0.4434,0.0137,0.2806,0.8311
Llama-3.1-8B,zh,short,4,367,0.8192,13,0.4062,0,11,0.2078,0.6055,0.3867,0.0078,0.2485,0.8171
Llama-3.1-8B,zh,short,5,375,0.8136,14,0.4375,0,11,0.2113,0.5557,0.4307,0.0137,0.2653,0.827
Llama-3.1-8B,zh,short,6,365,0.8068,14,0.4375,0,11,0.2157,0.5723,0.418,0.0098,0.268,0.8443
Llama-3.1-8B,zh,mid,7,512,0.7985,15,0.4688,0,11,0.2214,0.5791,0.4072,0.0137,0.2574,0.8143
Llama-3.1-8B,zh,mid,8,512,0.8094,15,0.4688,0,11,0.2284,0.5381,0.4521,0.0098,0.2808,0.8334
Llama-3.1-8B,zh,mid,9,512,0.8049,15,0.4688,0,11,0.2085,0.5547,0.4307,0.0146,0.2661,0.8194
Llama-3.1-8B,zh,mid,10,512,0.7993,15,0.4688,0,11,0.2248,0.5439,0.4385,0.0176,0.2777,0.8279
Llama-3.1-8B,zh,mid,11,486,0.8115,15,0.4688,0,11,0.2142,0.5674,0.4209,0.0117,0.2681,0.8153
Llama-3.1-8B,zh,mid,12,490,0.8052,15,0.4688,0,11,0.2203,0.5518,0.4336,0.0146,0.2745,0.8262
Llama-3.1-8B,zh,mid,13,512,0.7958,15,0.4688,0,11,0.2275,0.5498,0.4336,0.0166,0.2709,0.83
Llama-3.1-8B,zh,long,14,512,0.7768,15,0.4688,0,11,0.2335,0.5459,0.4375,0.0166,0.2813,0.842
Llama-3.1-8B,zh,long,15,512,0.8023,15,0.4688,0,11,0.2247,0.5518,0.4365,0.0117,0.2754,0.8517
Llama-3.1-8B,zh,long,16,512,0.8158,15,0.4688,0,11,0.2107,0.5684,0.418,0.0137,0.2621,0.8246
Llama-3.1-8B,zh,long,17,512,0.7985,15,0.4688,0,11,0.2152,0.5508,0.4346,0.0146,0.2739,0.8203
Llama-3.1-8B,zh,long,18,512,0.8096,14,0.4375,0,11,0.2174,0.5791,0.4092,0.0117,0.2642,0.8345
Llama-3.1-8B,zh,long,19,512,0.7983,15,0.4688,0,11,0.2255,0.5645,0.4209,0.0146,0.2682,0.8347
Llama-3.1-8B,en,short,0,199,0.7813,13,0.4062,0,11,0.2805,0.4668,0.5176,0.0156,0.3189,0.8674
Llama-3.1-8B,en,short,1,242,0.7724,1,0.0312,0,11,0.279,0.5039,0.4863,0.0098,0.2973,0.8712
Llama-3.1-8B,en,short,2,218,0.7872,12,0.375,0,11,0.2736,0.4863,0.502,0.0117,0.3064,0.8581
Llama-3.1-8B,en,short,3,305,0.7816,0,0.0,0,10,0.2598,0.5576,0.4336,0.0088,0.2728,0.8684
Llama-3.1-8B,en,short,4,204,0.7975,12,0.375,0,11,0.2599,0.5186,0.4736,0.0078,0.2875,0.8715
Llama-3.1-8B,en,short,5,211,0.7864,14,0.4375,0,13,0.2727,0.4941,0.4922,0.0137,0.3037,0.8625
Llama-3.1-8B,en,short,6,256,0.7586,13,0.4062,0,12,0.2914,0.4717,0.5186,0.0098,0.314,0.8725
Llama-3.1-8B,en,mid,7,347,0.7738,13,0.4062,0,11,0.27,0.5088,0.4824,0.0088,0.2955,0.8639
Llama-3.1-8B,en,mid,8,292,0.7709,14,0.4375,0,11,0.2711,0.4883,0.5029,0.0088,0.3076,0.8575
Llama-3.1-8B,en,mid,9,317,0.7972,12,0.375,0,10,0.255,0.5635,0.4277,0.0088,0.2697,0.8586
Llama-3.1-8B,en,mid,10,368,0.783,14,0.4375,0,10,0.2719,0.5205,0.4678,0.0117,0.2906,0.8608
Llama-3.1-8B,en,mid,11,393,0.7818,15,0.4688,0,11,0.262,0.4951,0.4912,0.0137,0.3046,0.859
Llama-3.1-8B,en,mid,12,415,0.7596,14,0.4375,0,11,0.2743,0.4883,0.5029,0.0088,0.3114,0.8588
Llama-3.1-8B,en,mid,13,357,0.782,14,0.4375,0,11,0.2585,0.5059,0.4824,0.0117,0.2954,0.8538
Llama-3.1-8B,en,long,14,512,0.7521,12,0.375,0,10,0.2988,0.5088,0.4814,0.0098,0.2954,0.8796
Llama-3.1-8B,en,long,15,512,0.7608,12,0.375,0,11,0.2725,0.501,0.4893,0.0098,0.2994,0.8595
Llama-3.1-8B,en,long,16,512,0.7446,13,0.4062,0,11,0.2873,0.4824,0.5039,0.0137,0.3112,0.8464
Llama-3.1-8B,en,long,17,512,0.7466,13,0.4062,0,11,0.2876,0.4932,0.4971,0.0098,0.3038,0.8532
Llama-3.1-8B,en,long,18,512,0.7558,14,0.4375,0,11,0.2852,0.4707,0.5156,0.0137,0.3139,0.8615
Llama-3.1-8B,en,long,19,512,0.7554,15,0.4688,0,11,0.2769,0.4814,0.5059,0.0127,0.3119,0.8454
Mistral-7B,zh,short,0,389,0.7209,18,0.5625,0,12,0.2736,0.4453,0.5371,0.0176,0.3203,0.9876
Mistral-7B,zh,short,1,503,0.7126,18,0.5625,0,12,0.2604,0.4805,0.5039,0.0156,0.3082,0.9893
Mistral-7B,zh,short,2,377,0.7203,18,0.5625,0,12,0.2717,0.4238,0.5596,0.0166,0.3257,0.9867
Mistral-7B,zh,short,3,375,0.6851,18,0.5625,0,12,0.3058,0.4014,0.5801,0.0186,0.3406,0.9882
Mistral-7B,zh,short,4,494,0.7176,19,0.5938,0,12,0.2696,0.4834,0.502,0.0146,0.3075,0.9885
Mistral-7B,zh,short,5,503,0.7241,19,0.5938,0,11,0.2722,0.4414,0.5439,0.0146,0.3172,0.9904
Mistral-7B,zh,short,6,512,0.6971,19,0.5938,0,12,0.2727,0.4541,0.5303,0.0156,0.3201,0.9893
Mistral-7B,zh,mid,7,512,0.6983,19,0.5938,0,12,0.2787,0.4639,0.5205,0.0156,0.3159,0.9893
Mistral-7B,zh,mid,8,512,0.7032,19,0.5938,0,12,0.2945,0.4092,0.5723,0.0186,0.336,0.9891
Mistral-7B,zh,mid,9,512,0.7167,18,0.5625,0,11,0.2661,0.4668,0.5176,0.0156,0.3132,0.9884
Mistral-7B,zh,mid,10,512,0.6978,19,0.5938,1,12,0.2684,0.4551,0.5283,0.0166,0.3243,0.9902
Mistral-7B,zh,mid,11,512,0.7058,19,0.5938,0,12,0.282,0.4424,0.543,0.0146,0.322,0.9889
Mistral-7B,zh,mid,12,512,0.7051,19,0.5938,0,12,0.2818,0.4375,0.5449,0.0176,0.3251,0.9884
Mistral-7B,zh,mid,13,512,0.6888,18,0.5625,0,13,0.2867,0.4248,0.5527,0.0225,0.3303,0.9908
Mistral-7B,zh,long,14,512,0.6877,19,0.5938,0,13,0.2717,0.459,0.5244,0.0166,0.3224,0.991
Mistral-7B,zh,long,15,512,0.6932,18,0.5625,0,12,0.2705,0.4482,0.5322,0.0195,0.32,0.9919
Mistral-7B,zh,long,16,512,0.7171,19,0.5938,0,12,0.2665,0.4727,0.5146,0.0127,0.3112,0.9889
Mistral-7B,zh,long,17,512,0.7184,19,0.5938,0,12,0.2571,0.4697,0.5166,0.0137,0.3152,0.9895
Mistral-7B,zh,long,18,512,0.7147,19,0.5938,0,12,0.2577,0.4873,0.5029,0.0098,0.3047,0.9913
Mistral-7B,zh,long,19,512,0.7064,19,0.5938,0,12,0.2736,0.4473,0.5361,0.0166,0.3181,0.9901
Mistral-7B,en,short,0,228,0.7066,0,0.0,0,12,0.3263,0.4697,0.5166,0.0137,0.3145,0.9848
Mistral-7B,en,short,1,272,0.6912,0,0.0,0,12,0.3239,0.458,0.5322,0.0098,0.3214,0.9869
Mistral-7B,en,short,2,236,0.725,0,0.0,0,12,0.3246,0.4785,0.5107,0.0107,0.3105,0.981
Mistral-7B,en,short,3,342,0.6819,0,0.0,0,12,0.3461,0.5381,0.4521,0.0098,0.2828,0.9865
Mistral-7B,en,short,4,221,0.7397,0,0.0,0,12,0.3034,0.5088,0.4805,0.0107,0.2954,0.9844
Mistral-7B,en,short,5,235,0.7116,0,0.0,0,12,0.3282,0.4805,0.5068,0.0127,0.3075,0.9868
Mistral-7B,en,short,6,300,0.6623,0,0.0,1,12,0.3567,0.4629,0.5273,0.0098,0.3134,0.9864
Mistral-7B,en,mid,7,375,0.6912,0,0.0,0,12,0.3207,0.4756,0.5146,0.0098,0.3124,0.986
Mistral-7B,en,mid,8,317,0.6964,0,0.0,17,12,0.3277,0.4521,0.5361,0.0117,0.3255,0.9876
Mistral-7B,en,mid,9,360,0.7116,0,0.0,0,12,0.3061,0.5498,0.4414,0.0088,0.2735,0.9858
Mistral-7B,en,mid,10,419,0.6953,0,0.0,0,12,0.3254,0.4893,0.499,0.0117,0.3026,0.989
Mistral-7B,en,mid,11,432,0.7049,0,0.0,18,12,0.3208,0.4805,0.5049,0.0146,0.3084,0.9878
Mistral-7B,en,mid,12,437,0.6828,0,0.0,18,12,0.3379,0.4395,0.5479,0.0127,0.327,0.9894
Mistral-7B,en,mid,13,386,0.7068,0,0.0,1,12,0.3092,0.4902,0.498,0.0117,0.3046,0.9882
Mistral-7B,en,long,14,512,0.6606,0,0.0,1,12,0.3554,0.4805,0.5078,0.0117,0.3101,0.9889
Mistral-7B,en,long,15,512,0.695,0,0.0,0,12,0.3186,0.4775,0.5117,0.0107,0.3092,0.989
Mistral-7B,en,long,16,512,0.6926,0,0.0,0,12,0.3168,0.4785,0.5117,0.0098,0.3102,0.9895
Mistral-7B,en,long,17,512,0.6669,0,0.0,1,12,0.3298,0.4814,0.5088,0.0098,0.3064,0.9902
Mistral-7B,en,long,18,512,0.6686,0,0.0,19,12,0.3499,0.4385,0.5479,0.0137,0.3253,0.9884
Mistral-7B,en,long,19,512,0.6705,0,0.0,19,14,0.3374,0.4492,0.5361,0.0146,0.3198,0.9886
Qwen3-8B,zh,short,0,237,0.7481,18,0.5,18,4,0.229,0.395,0.5582,0.0469,0.3599,0.8995
Qwen3-8B,zh,short,1,312,0.7437,18,0.5,19,3,0.2039,0.4306,0.5234,0.046,0.3442,0.9009
Qwen3-8B,zh,short,2,220,0.7692,19,0.5278,18,3,0.2299,0.3733,0.5781,0.0486,0.37,0.9107
Qwen3-8B,zh,short,3,273,0.7471,19,0.5278,22,3,0.2212,0.3967,0.5512,0.0521,0.3613,0.8963
Qwen3-8B,zh,short,4,307,0.7264,19,0.5278,21,4,0.211,0.4115,0.5477,0.0408,0.3588,0.8971
Qwen3-8B,zh,short,5,294,0.7521,19,0.5278,22,4,0.2394,0.3741,0.5781,0.0477,0.3758,0.9037
Qwen3-8B,zh,short,6,307,0.7271,19,0.5278,22,4,0.23,0.3984,0.5573,0.0443,0.3535,0.8982
Qwen3-8B,zh,mid,7,511,0.7221,20,0.5556,22,3,0.1998,0.4392,0.5243,0.0365,0.3346,0.9047
Qwen3-8B,zh,mid,8,435,0.7205,19,0.5278,23,4,0.2437,0.3681,0.5825,0.0495,0.3741,0.9161
Qwen3-8B,zh,mid,9,399,0.7299,20,0.5556,22,4,0.2291,0.3845,0.5668,0.0486,0.3674,0.919
Qwen3-8B,zh,mid,10,456,0.7373,21,0.5833,22,3,0.2242,0.3924,0.5547,0.053,0.3707,0.9015
Qwen3-8B,zh,mid,11,416,0.7386,20,0.5556,22,4,0.2026,0.3924,0.5582,0.0495,0.3606,0.9045
Qwen3-8B,zh,mid,12,401,0.7356,19,0.5278,22,3,0.2249,0.3854,0.572,0.0425,0.37,0.9119
Qwen3-8B,zh,mid,13,436,0.7389,20,0.5556,22,3,0.2061,0.4071,0.546,0.0469,0.3591,0.9056
Qwen3-8B,zh,long,14,512,0.7103,21,0.5833,22,4,0.2235,0.3932,0.5521,0.0547,0.3702,0.9053
Qwen3-8B,zh,long,15,512,0.7416,21,0.5833,22,3,0.2106,0.4201,0.5286,0.0512,0.3568,0.9019
Qwen3-8B,zh,long,16,512,0.7354,19,0.5278,22,4,0.2087,0.4062,0.5521,0.0417,0.3542,0.915
Qwen3-8B,zh,long,17,512,0.7398,21,0.5833,22,4,0.2248,0.3741,0.5729,0.053,0.3757,0.908
Qwen3-8B,zh,long,18,512,0.7478,19,0.5278,22,3,0.2216,0.4167,0.5477,0.0356,0.3511,0.9048
Qwen3-8B,zh,long,19,512,0.736,20,0.5556,22,4,0.2102,0.4089,0.5425,0.0486,0.3608,0.9088
Qwen3-8B,en,short,0,211,0.7199,19,0.5278,22,2,0.2631,0.3377,0.6024,0.0599,0.3931,0.8942
Qwen3-8B,en,short,1,255,0.706,17,0.4722,21,3,0.2473,0.3646,0.5877,0.0477,0.3786,0.877
Qwen3-8B,en,short,2,219,0.7158,18,0.5,21,2,0.2528,0.3802,0.5668,0.053,0.3713,0.9025
Qwen3-8B,en,short,3,314,0.6977,18,0.5,21,3,0.2521,0.3845,0.566,0.0495,0.3656,0.9036
Qwen3-8B,en,short,4,207,0.7308,18,0.5,20,3,0.2426,0.375,0.5807,0.0443,0.3802,0.8904
Qwen3-8B,en,short,5,223,0.7051,19,0.5278,22,3,0.2475,0.3568,0.5833,0.0599,0.3868,0.8941
Qwen3-8B,en,short,6,281,0.659,19,0.5278,22,3,0.2681,0.342,0.5938,0.0642,0.394,0.8849
Qwen3-8B,en,mid,7,350,0.6986,19,0.5278,22,3,0.2573,0.3724,0.5781,0.0495,0.375,0.904
Qwen3-8B,en,mid,8,291,0.7024,19,0.5278,22,3,0.2681,0.349,0.6007,0.0503,0.3888,0.9057
Qwen3-8B,en,mid,9,323,0.7171,19,0.5278,21,3,0.2267,0.4132,0.5399,0.0469,0.3476,0.8974
Qwen3-8B,en,mid,10,383,0.709,19,0.5278,22,2,0.2294,0.3898,0.5599,0.0503,0.3734,0.9007
Qwen3-8B,en,mid,11,405,0.7068,19,0.5278,22,3,0.2373,0.3793,0.5651,0.0556,0.3762,0.9104
Qwen3-8B,en,mid,12,414,0.6862,19,0.5278,22,2,0.251,0.3785,0.5694,0.0521,0.3741,0.9152
Qwen3-8B,en,mid,13,366,0.7148,19,0.5278,22,2,0.243,0.3733,0.5755,0.0512,0.3729,0.9087
Qwen3-8B,en,long,14,512,0.6547,19,0.5278,23,2,0.263,0.3464,0.6042,0.0495,0.3867,0.9164
Qwen3-8B,en,long,15,512,0.7006,19,0.5278,22,3,0.2493,0.388,0.5616,0.0503,0.3645,0.9213
Qwen3-8B,en,long,16,512,0.6897,19,0.5278,22,3,0.2594,0.3611,0.5833,0.0556,0.3722,0.9194
Qwen3-8B,en,long,17,512,0.6744,19,0.5278,22,2,0.2616,0.3776,0.5712,0.0512,0.3693,0.9148
Qwen3-8B,en,long,18,512,0.6813,19,0.5278,22,2,0.2613,0.3498,0.5955,0.0547,0.3776,0.9193
Qwen3-8B,en,long,19,512,0.6938,19,0.5278,23,3,0.2531,0.3585,0.5877,0.0538,0.3811,0.9172
Qwen3-4B,zh,short,0,237,0.7652,19,0.5278,19,17,0.2016,0.428,0.5321,0.0399,0.3356,0.8961
Qwen3-4B,zh,short,1,312,0.7598,20,0.5556,20,2,0.1837,0.4635,0.4991,0.0373,0.3185,0.8985
Qwen3-4B,zh,short,2,220,0.7708,19,0.5278,19,2,0.2076,0.4019,0.5547,0.0434,0.3563,0.9011
Qwen3-4B,zh,short,3,273,0.7618,22,0.6111,22,2,0.198,0.4271,0.5312,0.0417,0.3397,0.8911
Qwen3-4B,zh,short,4,307,0.7538,21,0.5833,20,2,0.184,0.4236,0.5356,0.0408,0.34,0.9179
Qwen3-4B,zh,short,5,294,0.7615,20,0.5556,22,2,0.2121,0.4019,0.5521,0.046,0.3572,0.92
Qwen3-4B,zh,short,6,307,0.754,21,0.5833,22,17,0.1958,0.4436,0.5165,0.0399,0.3294,0.8934
Qwen3-4B,zh,mid,7,511,0.7258,22,0.6111,22,2,0.1939,0.4705,0.4965,0.033,0.3185,0.9147
Qwen3-4B,zh,mid,8,435,0.7273,21,0.5833,23,2,0.2154,0.4089,0.5503,0.0408,0.3582,0.909
Qwen3-4B,zh,mid,9,399,0.7334,22,0.6111,22,2,0.2047,0.4141,0.5434,0.0425,0.3536,0.9083
Qwen3-4B,zh,mid,10,456,0.7491,21,0.5833,22,2,0.1992,0.4236,0.5347,0.0417,0.3435,0.9013
Qwen3-4B,zh,mid,11,416,0.7509,22,0.6111,22,2,0.1793,0.441,0.5191,0.0399,0.3303,0.9211
Qwen3-4B,zh,mid,12,401,0.7422,21,0.5833,22,2,0.1958,0.4115,0.5538,0.0347,0.3524,0.9209
Qwen3-4B,zh,mid,13,436,0.7507,22,0.6111,22,2,0.1885,0.4384,0.5182,0.0434,0.3419,0.906
Qwen3-4B,zh,long,14,512,0.7398,22,0.6111,23,2,0.1931,0.4158,0.5382,0.046,0.3532,0.9078
Qwen3-4B,zh,long,15,512,0.7347,22,0.6111,22,2,0.1966,0.4227,0.5356,0.0417,0.3462,0.9023
Qwen3-4B,zh,long,16,512,0.7224,21,0.5833,22,2,0.2034,0.4349,0.5321,0.033,0.3383,0.9203
Qwen3-4B,zh,long,17,512,0.7395,22,0.6111,23,2,0.1914,0.4054,0.5503,0.0443,0.3532,0.9073
Qwen3-4B,zh,long,18,512,0.7632,22,0.6111,22,2,0.1886,0.4601,0.5148,0.0252,0.3219,0.9034
Qwen3-4B,zh,long,19,512,0.7222,22,0.6111,22,2,0.2053,0.434,0.5234,0.0425,0.3377,0.9066
Qwen3-4B,en,short,0,211,0.7597,22,0.6111,21,2,0.2293,0.3863,0.5608,0.053,0.3652,0.9506
Qwen3-4B,en,short,1,255,0.7392,19,0.5278,21,2,0.2194,0.3924,0.5668,0.0408,0.3516,0.9416
Qwen3-4B,en,short,2,219,0.7592,21,0.5833,22,2,0.2208,0.4115,0.5469,0.0417,0.3521,0.9329
Qwen3-4B,en,short,3,314,0.7443,21,0.5833,21,2,0.2176,0.4271,0.5339,0.0391,0.3372,0.9418
Qwen3-4B,en,short,4,207,0.7654,20,0.5556,19,2,0.215,0.4045,0.5512,0.0443,0.3626,0.9367
Qwen3-4B,en,short,5,223,0.7399,21,0.5833,22,2,0.2251,0.3767,0.5703,0.053,0.3704,0.9488
Qwen3-4B,en,short,6,281,0.6999,22,0.6111,22,2,0.2412,0.3776,0.5738,0.0486,0.3815,0.9481
Qwen3-4B,en,mid,7,350,0.7366,22,0.6111,22,2,0.2265,0.4045,0.5538,0.0417,0.3528,0.9349
Qwen3-4B,en,mid,8,291,0.7368,21,0.5833,22,2,0.2329,0.3819,0.5764,0.0417,0.3643,0.9394
Qwen3-4B,en,mid,9,323,0.7498,22,0.6111,21,2,0.2159,0.4158,0.5451,0.0391,0.3413,0.9395
Qwen3-4B,en,mid,10,383,0.7436,22,0.6111,22,2,0.2069,0.4123,0.5443,0.0434,0.3603,0.9466
Qwen3-4B,en,mid,11,405,0.7402,22,0.6111,22,2,0.2177,0.3984,0.553,0.0486,0.3641,0.9435
Qwen3-4B,en,mid,12,414,0.7126,22,0.6111,22,2,0.244,0.3681,0.5903,0.0417,0.3689,0.9485
Qwen3-4B,en,mid,13,366,0.7511,22,0.6111,22,2,0.2137,0.4002,0.5573,0.0425,0.3544,0.9446
Qwen3-4B,en,long,14,512,0.6856,22,0.6111,23,2,0.2429,0.3646,0.5946,0.0408,0.3737,0.957
Qwen3-4B,en,long,15,512,0.7286,22,0.6111,22,2,0.2264,0.4219,0.533,0.0451,0.3562,0.9489
Qwen3-4B,en,long,16,512,0.7346,22,0.6111,22,2,0.2165,0.4054,0.546,0.0486,0.3525,0.9386
Qwen3-4B,en,long,17,512,0.7284,22,0.6111,22,2,0.2156,0.4245,0.5339,0.0417,0.3385,0.9471
Qwen3-4B,en,long,18,512,0.7209,22,0.6111,22,2,0.232,0.3828,0.5703,0.0469,0.3632,0.9462
Qwen3-4B,en,long,19,512,0.7275,22,0.6111,23,2,0.2234,0.3967,0.5573,0.046,0.3673,0.9419
