config,band,rho_row,rho_prof
Llama-3.1-8B_en,early,0.0048,0.7173
Llama-3.1-8B_en,late,0.0033,0.7436
Llama-3.1-8B_en,mid,0.005,0.6383
Llama-3.1-8B_zh,early,0.0038,0.7181
Llama-3.1-8B_zh,late,0.0024,0.7801
Llama-3.1-8B_zh,mid,0.004,0.6493
Mistral-7B_en,early,0.0039,0.7517
Mistral-7B_en,late,0.0037,0.6304
Mistral-7B_en,mid,0.0048,0.5753
Mistral-7B_zh,early,0.0039,0.7379
Mistral-7B_zh,late,0.0021,0.6831
Mistral-7B_zh,mid,0.0042,0.5934
Qwen3-4B_en,early,0.0086,0.2642
Qwen3-4B_en,late,0.0033,0.7379
Qwen3-4B_en,mid,0.0057,0.5077
Qwen3-4B_zh,early,0.0101,0.2761
Qwen3-4B_zh,late,0.0034,0.743
Qwen3-4B_zh,mid,0.0064,0.505
Qwen3-8B_en,early,0.0093,0.2378
Qwen3-8B_en,late,0.0037,0.7132
Qwen3-8B_en,mid,0.0058,0.5131
Qwen3-8B_zh,early,0.0106,0.2398
Qwen3-8B_zh,late,0.0039,0.7257
Qwen3-8B_zh,mid,0.0064,0.5131
