model,band,mode,n_runs,source,code_version,n_en,n_zh,en_acc_mean,en_acc_sd,zh_acc_mean,zh_acc_sd,en_freeppl_mean,zh_freeppl_mean,en_genppl_mean,zh_genppl_mean
InternLM3-8B-Instruct,early,baseline,1,local,v8.0,20,9,85.0,0.0,100.0,0.0,43.81013223045579,71.07037114749762,1.5158203125,1.5716796875
InternLM3-8B-Instruct,early,uniform_causal,1,local,v8.0,20,9,85.0,0.0,77.77777777777777,0.0,3283.002777206686,13931.50160863611,102.884375,17.403125
InternLM3-8B-Instruct,early,uniform_global,1,local,v8.0,20,9,85.0,0.0,77.77777777777777,0.0,3389.1562268003945,14933.417352906521,113.709375,18.359375
InternLM3-8B-Instruct,early,shuffle_rows,4,local,v8.0,20,9,80.0,3.5355339059327378,83.33333333333333,9.622504486493765,85.82922535546287,204.60581029793212,6.0921875,11.821875
InternLM3-8B-Instruct,late,baseline,1,local,v8.0,20,9,85.0,0.0,100.0,0.0,43.81013223045579,71.07037114749762,1.5158203125,1.5716796875
InternLM3-8B-Instruct,late,uniform_causal,1,local,v8.0,20,9,85.0,0.0,100.0,0.0,60.64591136151857,90.66480856438369,2.7078125,3.38984375
InternLM3-8B-Instruct,late,uniform_global,1,local,v8.0,20,9,85.0,0.0,88.88888888888889,0.0,22.15806392676238,20.484383122300706,3.00078125,3.3328125
InternLM3-8B-Instruct,late,shuffle_rows,1,local,v8.0,20,9,85.0,0.0,100.0,0.0,31.838167280921756,41.86945465524197,1.992578125,2.06171875
InternLM3-8B-Instruct,mid,baseline,1,local,v8.0,20,9,85.0,0.0,100.0,0.0,43.81013223045579,71.07037114749762,1.5158203125,1.5716796875
InternLM3-8B-Instruct,mid,uniform_causal,1,local,v8.0,20,9,85.0,0.0,77.77777777777777,0.0,105.11574853289025,234.7544278645239,1.622265625,1.81328125
InternLM3-8B-Instruct,mid,uniform_global,1,local,v8.0,20,9,85.0,0.0,88.88888888888889,0.0,20.694843844633873,34.20303560087883,1.555078125,2.0666015625
InternLM3-8B-Instruct,mid,shuffle_rows,1,local,v8.0,20,9,85.0,0.0,100.0,0.0,43.39993321327583,83.04408145184985,10.3375,29.2078125
Llama-3.1-8B,early,baseline,1,local,v8.0,20,10,85.0,0.0,100.0,0.0,43.150761721695936,21.763153918542855,1.855078125,2.003515625
Llama-3.1-8B,early,uniform_causal,1,local,v8.0,20,10,85.0,0.0,90.0,0.0,212717.77258821198,156006.59071533225,701.0515625,1843.508203125
Llama-3.1-8B,early,uniform_global,1,local,v8.0,20,10,85.0,0.0,90.0,0.0,5837544.9287314955,136621.15048444216,113.341796875,276.35
Llama-3.1-8B,early,shuffle_rows,4,local,v8.0,20,10,87.5,2.5,82.5,4.330127018922194,116.1006852337845,302.3705366642557,62.9578125,62.60625
Llama-3.1-8B,late,baseline,1,local,v8.0,20,10,85.0,0.0,100.0,0.0,43.150761721695936,21.763153918542855,1.855078125,2.003515625
Llama-3.1-8B,late,uniform_causal,1,local,v8.0,20,10,85.0,0.0,100.0,0.0,63.83220271201451,83.75045814726732,2.4662109375,7.273046875
Llama-3.1-8B,late,uniform_global,1,local,v8.0,20,10,85.0,0.0,100.0,0.0,69.07249675194858,101.60702652614444,1.7916015625,5.630078125
Llama-3.1-8B,late,shuffle_rows,1,local,v8.0,20,10,90.0,0.0,100.0,0.0,40.368510781685266,24.369266068524837,2.7166015625,2.7453125
Llama-3.1-8B,mid,baseline,1,local,v8.0,20,10,85.0,0.0,100.0,0.0,43.150761721695936,21.763153918542855,1.855078125,2.003515625
Llama-3.1-8B,mid,uniform_causal,1,local,v8.0,20,10,90.0,0.0,100.0,0.0,242.58503290963046,823.7837296716367,1.4474609375,2.2498046875
Llama-3.1-8B,mid,uniform_global,1,local,v8.0,20,10,85.0,0.0,90.0,0.0,30.790810727213273,1404.0045959082267,1.197265625,1.6896484375
Llama-3.1-8B,mid,shuffle_rows,1,local,v8.0,20,10,90.0,0.0,100.0,0.0,53.809042213955976,33.652262282706474,10.04609375,15.13984375
Llama-3.1-8B-Base,early,baseline,1,local,v8.0,20,11,85.0,0.0,100.0,0.0,34.34956657620435,25.031461900886022,2.3091796875,1.919921875
Llama-3.1-8B-Base,early,uniform_causal,1,local,v8.0,20,11,90.0,0.0,90.9090909090909,0.0,6550.3456269635335,18620.332340256628,2324.9453125,590.153125
Llama-3.1-8B-Base,early,uniform_global,1,local,v8.0,20,11,85.0,0.0,90.9090909090909,0.0,7357.15577577429,6463.061436047246,2982.4,324.3125
Llama-3.1-8B-Base,early,shuffle_rows,4,local,v8.0,20,11,86.25,2.165063509461097,88.63636363636363,7.537783614444092,73.43792145368018,378.22931903484675,17.443359375,23.8390625
Llama-3.1-8B-Base,late,baseline,1,local,v8.0,20,11,85.0,0.0,100.0,0.0,34.34956657620435,25.031461900886022,2.3091796875,1.919921875
Llama-3.1-8B-Base,late,uniform_causal,1,local,v8.0,20,11,85.0,0.0,100.0,0.0,43.047551665302635,77.31985571076315,4.32734375,4.8759765625
Llama-3.1-8B-Base,late,uniform_global,1,local,v8.0,20,11,85.0,0.0,100.0,0.0,38.10904531331741,70.86120549179218,3.224609375,4.0076171875
Llama-3.1-8B-Base,late,shuffle_rows,1,local,v8.0,20,11,85.0,0.0,100.0,0.0,33.17618563197218,28.958392946771294,2.6490234375,2.3455078125
Llama-3.1-8B-Base,mid,baseline,1,local,v8.0,20,11,85.0,0.0,100.0,0.0,34.34956657620435,25.031461900886022,2.3091796875,1.919921875
Llama-3.1-8B-Base,mid,uniform_causal,1,local,v8.0,20,11,90.0,0.0,100.0,0.0,123.34200356171996,7085.345086539843,1.287890625,1.6087890625
Llama-3.1-8B-Base,mid,uniform_global,1,local,v8.0,20,11,85.0,0.0,72.72727272727273,0.0,12.703313579486808,270714.65541544795,1.133984375,1.8064453125
Llama-3.1-8B-Base,mid,shuffle_rows,1,local,v8.0,20,11,90.0,0.0,90.9090909090909,0.0,32.637205028787584,40.40654094505477,8.4703125,16.265625
Mistral-7B,early,baseline,1,local,v8.0,20,13,90.0,0.0,100.0,0.0,39.42121849644171,13.514024193772702,1.833203125,1.7861328125
Mistral-7B,early,uniform_causal,1,local,v8.0,20,13,90.0,0.0,76.92307692307692,0.0,182.27117953074432,758.5776807643522,11.23203125,37.426171875
Mistral-7B,early,uniform_global,1,local,v8.0,20,13,90.0,0.0,69.23076923076923,0.0,142.11529091115057,504.6984157076278,7.310546875,88.61640625
Mistral-7B,early,shuffle_rows,4,local,v8.0,20,13,81.25,2.165063509461097,75.0,6.378124596837308,101.0965815627009,215.38836840849925,25.034375,31.284375
Mistral-7B,late,baseline,1,local,v8.0,20,13,90.0,0.0,100.0,0.0,39.42121849644171,13.514024193772702,1.833203125,1.7861328125
Mistral-7B,late,uniform_causal,1,local,v8.0,20,13,90.0,0.0,92.3076923076923,0.0,45.570175167135076,25.292517245882898,2.87265625,2.639453125
Mistral-7B,late,uniform_global,1,local,v8.0,20,13,90.0,0.0,84.61538461538461,0.0,40.8083907655596,17.540696667602795,2.55859375,2.3775390625
Mistral-7B,late,shuffle_rows,1,local,v8.0,20,13,90.0,0.0,92.3076923076923,0.0,43.59441772229352,12.862609669415097,2.876171875,2.534765625
Mistral-7B,mid,baseline,1,local,v8.0,20,13,90.0,0.0,100.0,0.0,39.42121849644171,13.514024193772702,1.833203125,1.7861328125
Mistral-7B,mid,uniform_causal,1,local,v8.0,20,13,90.0,0.0,100.0,0.0,49.61788106354135,67.03069926292154,2.087890625,1.7451171875
Mistral-7B,mid,uniform_global,1,local,v8.0,20,13,85.0,0.0,92.3076923076923,0.0,11.183041314057238,25.80765136573366,1.8853515625,5.176171875
Mistral-7B,mid,shuffle_rows,1,local,v8.0,20,13,90.0,0.0,100.0,0.0,37.6173096164077,20.41198855208267,6.87890625,7.8484375
Mixtral-8x7B-Instruct,early,baseline,1,cloud,v8.0,20,10,90.0,0.0,100.0,0.0,48.5808110133081,12.135873801832776,1.97890625,1.631640625
Mixtral-8x7B-Instruct,early,uniform_causal,1,cloud,v8.0,20,10,90.0,0.0,90.0,0.0,813.6589804640831,1067.0983379457923,51.60546875,441.14453125
Mixtral-8x7B-Instruct,early,uniform_global,1,cloud,v8.0,20,10,85.0,0.0,90.0,0.0,453.3167942395088,1028.6668202994845,77.467578125,117.344921875
Mixtral-8x7B-Instruct,early,shuffle_rows,4,cloud,v8.0,20,10,88.75,2.165063509461097,67.5,20.463381929681123,217.87579606972486,303.1133163579848,62.08125,40.1193359375
Mixtral-8x7B-Instruct,late,baseline,1,cloud,v8.0,20,10,90.0,0.0,100.0,0.0,48.5808110133081,12.135873801832776,1.97890625,1.631640625
Mixtral-8x7B-Instruct,late,uniform_causal,1,cloud,v8.0,20,10,90.0,0.0,100.0,0.0,54.22570434722884,16.24343213741767,6.189453125,3.251953125
Mixtral-8x7B-Instruct,late,uniform_global,1,cloud,v8.0,20,10,90.0,0.0,100.0,0.0,21.972840177471426,9.734825554133892,3.96640625,2.948828125
Mixtral-8x7B-Instruct,late,shuffle_rows,1,cloud,v8.0,20,10,90.0,0.0,100.0,0.0,47.72532098399896,16.076084842142137,3.77421875,3.40703125
Mixtral-8x7B-Instruct,mid,baseline,1,cloud,v8.0,20,10,90.0,0.0,100.0,0.0,48.5808110133081,12.135873801832776,1.97890625,1.631640625
Mixtral-8x7B-Instruct,mid,uniform_causal,1,cloud,v8.0,20,10,90.0,0.0,100.0,0.0,59.06430697051668,26.2578693710878,3.0826171875,5.2236328125
Mixtral-8x7B-Instruct,mid,uniform_global,1,cloud,v8.0,20,10,90.0,0.0,100.0,0.0,7.731934295885142,7.423308529275175,2.078515625,3.44609375
Mixtral-8x7B-Instruct,mid,shuffle_rows,1,cloud,v8.0,20,10,90.0,0.0,100.0,0.0,55.08571087244477,27.86581924197323,7.96015625,7.26484375
Qwen3-0.6B,early,baseline,1,local,v8.0,20,10,90.0,0.0,100.0,0.0,71.67642672647113,204.54011223523432,1.7875,2.373828125
Qwen3-0.6B,early,uniform_causal,1,local,v8.0,20,10,90.0,0.0,100.0,0.0,2174221.6068953155,23013904.748138256,140.15,99.7875
Qwen3-0.6B,early,uniform_global,1,local,v8.0,20,10,90.0,0.0,90.0,0.0,7866348.115918775,8891141.516376618,107.9625,109.775
Qwen3-0.6B,early,shuffle_rows,4,local,v8.0,20,10,86.25,2.165063509461097,90.0,7.0710678118654755,30380.664291895235,38920.90946951893,261.4875,299.4625
Qwen3-0.6B,late,baseline,1,local,v8.0,20,10,90.0,0.0,100.0,0.0,71.67642672647113,204.54011223523432,1.7875,2.373828125
Qwen3-0.6B,late,uniform_causal,1,local,v8.0,20,10,90.0,0.0,100.0,0.0,279.30830696941626,498.4490795201133,327.86796875,11.873046875
Qwen3-0.6B,late,uniform_global,1,local,v8.0,20,10,90.0,0.0,100.0,0.0,53.59439030778894,81.91848150468564,13.3294921875,6.50546875
Qwen3-0.6B,late,shuffle_rows,1,local,v8.0,20,10,90.0,0.0,100.0,0.0,60.23428914470202,165.02644503880396,4.137109375,5.42578125
Qwen3-0.6B,mid,baseline,1,local,v8.0,20,10,90.0,0.0,100.0,0.0,71.67642672647113,204.54011223523432,1.7875,2.373828125
Qwen3-0.6B,mid,uniform_causal,1,local,v8.0,20,10,90.0,0.0,90.0,0.0,1069.2917538489928,538.0713649757747,1.4943359375,1.25390625
Qwen3-0.6B,mid,uniform_global,1,local,v8.0,20,10,90.0,0.0,90.0,0.0,708.6184851216824,2539.902503700102,1.5248046875,1.6126953125
Qwen3-0.6B,mid,shuffle_rows,1,local,v8.0,20,10,85.0,0.0,90.0,0.0,235.9586993429376,668.0530600026516,77.225,88.13125
Qwen3-1.7B,early,baseline,1,local,v8.0,20,10,90.0,0.0,100.0,0.0,27.97667626153277,72.3166879845032,1.5751953125,1.630859375
Qwen3-1.7B,early,uniform_causal,1,local,v8.0,20,10,85.0,0.0,90.0,0.0,229002.0142449492,89443.72393300902,18.5296875,26.2953125
Qwen3-1.7B,early,uniform_global,1,local,v8.0,20,10,90.0,0.0,90.0,0.0,281023.6719568353,3270734.218309642,10.165625,9.144140625
Qwen3-1.7B,early,shuffle_rows,4,local,v8.0,20,10,85.0,0.0,90.0,0.0,1095722.0995479398,274293.0861651068,1856.6,1590.521875
Qwen3-1.7B,late,baseline,1,local,v8.0,20,10,90.0,0.0,100.0,0.0,27.97667626153277,72.3166879845032,1.5751953125,1.630859375
Qwen3-1.7B,late,uniform_causal,1,local,v8.0,20,10,85.0,0.0,100.0,0.0,55.640725197664985,91.50777653640529,2.8611328125,7.039453125
Qwen3-1.7B,late,uniform_global,1,local,v8.0,20,10,85.0,0.0,90.0,0.0,24.16825472521336,19.159984137971133,2.38828125,5.826953125
Qwen3-1.7B,late,shuffle_rows,1,local,v8.0,20,10,90.0,0.0,100.0,0.0,23.812140955274696,50.665667902961815,2.5232421875,3.116796875
Qwen3-1.7B,mid,baseline,1,local,v8.0,20,10,90.0,0.0,100.0,0.0,27.97667626153277,72.3166879845032,1.5751953125,1.630859375
Qwen3-1.7B,mid,uniform_causal,1,local,v8.0,20,10,90.0,0.0,90.0,0.0,215.75429372048043,167.00351275325482,1.487109375,1.8044921875
Qwen3-1.7B,mid,uniform_global,1,local,v8.0,20,10,85.0,0.0,90.0,0.0,13.397490827293131,31.12133657341721,1.0111328125,1.6615234375
Qwen3-1.7B,mid,shuffle_rows,1,local,v8.0,20,10,85.0,0.0,90.0,0.0,54.20043181655275,103.01804456209962,14.13125,33.728125
Qwen3-14B,early,baseline,1,local,v8.0,20,9,90.0,0.0,100.0,0.0,28.20084687920837,40.854524085111,1.3330078125,1.533203125
Qwen3-14B,early,uniform_causal,1,local,v8.0,20,9,85.0,0.0,77.77777777777777,0.0,24940.477422228687,78130.75031815744,403.825,407.6
Qwen3-14B,early,uniform_global,1,local,v8.0,20,9,85.0,0.0,66.66666666666667,0.0,24217.443606948862,288039.2232007367,184.775,206.075
Qwen3-14B,early,shuffle_rows,4,local,v8.0,20,9,85.0,0.0,80.55555555555554,4.811252243246883,5188.397173279669,30545.198487358502,213.715234375,694.75234375
Qwen3-14B,late,baseline,1,local,v8.0,20,9,90.0,0.0,100.0,0.0,28.20084687920837,40.854524085111,1.3330078125,1.533203125
Qwen3-14B,late,uniform_causal,1,local,v8.0,20,9,90.0,0.0,88.88888888888889,0.0,90.81154884174533,140.88108515283187,2.0044921875,13.203515625
Qwen3-14B,late,uniform_global,1,local,v8.0,20,9,85.0,0.0,88.88888888888889,0.0,33.8258311780451,61.25364779418472,2.51328125,331.792578125
Qwen3-14B,late,shuffle_rows,1,local,v8.0,20,9,85.0,0.0,88.88888888888889,0.0,59.77990593306912,91.13226877795098,4.088671875,4.17265625
Qwen3-14B,mid,baseline,1,local,v8.0,20,9,90.0,0.0,100.0,0.0,28.20084687920837,40.854524085111,1.3330078125,1.533203125
Qwen3-14B,mid,uniform_causal,1,local,v8.0,20,9,90.0,0.0,88.88888888888889,0.0,263.5162415082632,220.70702737113047,1.237890625,1.20390625
Qwen3-14B,mid,uniform_global,1,local,v8.0,20,9,90.0,0.0,88.88888888888889,0.0,18.44524550442248,52.24363277624049,1.0556640625,1.10078125
Qwen3-14B,mid,shuffle_rows,1,local,v8.0,20,9,90.0,0.0,88.88888888888889,0.0,128.56132170110772,139.42979878914852,11.318359375,17.9921875
Qwen3-4B,early,baseline,1,local,v8.0,20,9,90.0,0.0,100.0,0.0,27.162297655623643,48.52030082881147,1.3517578125,1.523828125
Qwen3-4B,early,uniform_causal,1,local,v8.0,20,9,90.0,0.0,100.0,0.0,34209.170923937534,39046.44557218746,1371.65,337.675
Qwen3-4B,early,uniform_global,1,local,v8.0,20,9,85.0,0.0,88.88888888888889,0.0,92949.00182856694,78707.97026833022,124.4921875,59.55625
Qwen3-4B,early,shuffle_rows,4,local,v8.0,20,9,87.5,2.5,80.55555555555554,4.811252243246883,17172.743191517406,102903.03213973474,208.266015625,436.4142578125
Qwen3-4B,late,baseline,1,local,v8.0,20,9,90.0,0.0,100.0,0.0,27.162297655623643,48.52030082881147,1.3517578125,1.523828125
Qwen3-4B,late,uniform_causal,1,local,v8.0,20,9,85.0,0.0,100.0,0.0,46.701175052872046,85.41959635752046,189.46015625,6.1494140625
Qwen3-4B,late,uniform_global,1,local,v8.0,20,9,85.0,0.0,88.88888888888889,0.0,18.888840048296316,43.26104419125795,21.444921875,6.6078125
Qwen3-4B,late,shuffle_rows,1,local,v8.0,20,9,90.0,0.0,100.0,0.0,24.30932884800584,57.766328766349275,3.804296875,4.659765625
Qwen3-4B,mid,baseline,1,local,v8.0,20,9,90.0,0.0,100.0,0.0,27.162297655623643,48.52030082881147,1.3517578125,1.523828125
Qwen3-4B,mid,uniform_causal,1,local,v8.0,20,9,90.0,0.0,100.0,0.0,162.1815938658708,355.3014247306001,1.3939453125,1.3041015625
Qwen3-4B,mid,uniform_global,1,local,v8.0,20,9,90.0,0.0,88.88888888888889,0.0,31.3112686441675,45.28350595132472,1.069921875,1.122265625
Qwen3-4B,mid,shuffle_rows,1,local,v8.0,20,9,90.0,0.0,100.0,0.0,96.82941166749814,278.88031881906056,30.1125,56.28125
Qwen3-8B,early,baseline,1,local,v8.0,20,10,90.0,0.0,100.0,0.0,19.433383646235495,42.088936757799694,1.2419921875,1.5861328125
Qwen3-8B,early,uniform_causal,1,local,v8.0,20,10,90.0,0.0,90.0,0.0,742.2691650307189,3211.8773756616724,99.775,57.2125
Qwen3-8B,early,uniform_global,1,local,v8.0,20,10,85.0,0.0,90.0,0.0,1372.5191603602784,28563.931338420465,31.81875,28.359375
Qwen3-8B,early,shuffle_rows,4,local,v8.0,20,10,87.5,2.5,90.0,7.0710678118654755,5029.857913172705,486100.26301745104,43.34375,261.072265625
Qwen3-8B,late,baseline,1,local,v8.0,20,10,90.0,0.0,100.0,0.0,19.433383646235495,42.088936757799694,1.2419921875,1.5861328125
Qwen3-8B,late,uniform_causal,1,local,v8.0,20,10,85.0,0.0,100.0,0.0,29.41882028170166,53.398671766526114,5.0958984375,11.123046875
Qwen3-8B,late,uniform_global,1,local,v8.0,20,10,85.0,0.0,100.0,0.0,11.279278752984975,19.769148978596014,3.2095703125,6.1564453125
Qwen3-8B,late,shuffle_rows,1,local,v8.0,20,10,90.0,0.0,100.0,0.0,20.7031768230951,41.59328418564713,7.54296875,3.817578125
Qwen3-8B,mid,baseline,1,local,v8.0,20,10,90.0,0.0,100.0,0.0,19.433383646235495,42.088936757799694,1.2419921875,1.5861328125
Qwen3-8B,mid,uniform_causal,1,local,v8.0,20,10,90.0,0.0,100.0,0.0,174.73023942977997,143.87267896043298,1.3251953125,1.234375
Qwen3-8B,mid,uniform_global,1,local,v8.0,20,10,90.0,0.0,100.0,0.0,8.301868699160448,18.853898550761322,1.06796875,1.066015625
Qwen3-8B,mid,shuffle_rows,1,local,v8.0,20,10,90.0,0.0,100.0,0.0,221.3516916733344,235.4563718930247,22.4328125,37.703125
Qwen3-8B-Base,early,baseline,1,local,v8.0,20,11,90.0,0.0,100.0,0.0,15.201008735376735,22.324118079717007,1.6494140625,1.7884765625
Qwen3-8B-Base,early,uniform_causal,1,local,v8.0,20,11,85.0,0.0,90.9090909090909,0.0,478.35722161770025,1906.1608472945143,20.209375,131.38125
Qwen3-8B-Base,early,uniform_global,1,local,v8.0,20,11,85.0,0.0,90.9090909090909,0.0,900.9026278556488,8176.215513019895,56.0447265625,845.3359375
Qwen3-8B-Base,early,shuffle_rows,4,local,v8.0,20,11,86.25,2.165063509461097,86.36363636363636,7.872958216222171,1596.4127085579164,3218.6461644012707,162.9921875,85.2162109375
Qwen3-8B-Base,late,baseline,1,local,v8.0,20,11,90.0,0.0,100.0,0.0,15.201008735376735,22.324118079717007,1.6494140625,1.7884765625
Qwen3-8B-Base,late,uniform_causal,1,local,v8.0,20,11,85.0,0.0,100.0,0.0,17.69209042839668,32.39860981256451,4.173828125,4.792578125
Qwen3-8B-Base,late,uniform_global,1,local,v8.0,20,11,85.0,0.0,100.0,0.0,10.442904792616122,18.213080726019065,4.02421875,3.994140625
Qwen3-8B-Base,late,shuffle_rows,1,local,v8.0,20,11,90.0,0.0,100.0,0.0,13.669607052661116,20.78431428610375,3.105859375,2.85859375
Qwen3-8B-Base,mid,baseline,1,local,v8.0,20,11,90.0,0.0,100.0,0.0,15.201008735376735,22.324118079717007,1.6494140625,1.7884765625
Qwen3-8B-Base,mid,uniform_causal,1,local,v8.0,20,11,90.0,0.0,100.0,0.0,65.31235157344825,56.88702031406681,1.2287109375,1.3798828125
Qwen3-8B-Base,mid,uniform_global,1,local,v8.0,20,11,90.0,0.0,90.9090909090909,0.0,6.085068214270882,11.788244301042,1.144921875,1.2130859375
Qwen3-8B-Base,mid,shuffle_rows,1,local,v8.0,20,11,90.0,0.0,100.0,0.0,50.79969127140814,82.86208078845648,16.0890625,25.4140625
