model,band,alpha,n_zh,n_en
InternLM3-8B-Instruct,early,2.61585,10,10
Llama-3.1-8B-Base,early,3.90084,10,10
Llama-3.1-8B,early,1.45414,10,10
Mistral-7B,early,12.1402,10,10
Qwen3-0.6B,early,3.70924,10,10
Qwen3-1.7B,early,0.151101,10,10
Qwen3-14B,early,2.16242,10,10
Qwen3-4B,early,0.638972,10,10
Qwen3-8B-Base,early,2.71335,10,10
Qwen3-8B,early,1.99792,10,10
InternLM3-8B-Instruct,mid,1.37668,10,10
Llama-3.1-8B-Base,mid,78.8288,10,10
Llama-3.1-8B,mid,6.73311,10,10
Mistral-7B,mid,3.94077,10,10
Qwen3-0.6B,mid,0.176336,10,10
Qwen3-1.7B,mid,0.29945,10,10
Qwen3-14B,mid,0.578137,10,10
Qwen3-4B,mid,1.22642,10,10
Qwen3-8B-Base,mid,0.593084,10,10
Qwen3-8B,mid,0.380181,10,10
InternLM3-8B-Instruct,late,0.921559,10,10
Llama-3.1-8B-Base,late,2.46478,10,10
Llama-3.1-8B,late,2.60144,10,10
Mistral-7B,late,1.61904,10,10
Qwen3-0.6B,late,0.625367,10,10
Qwen3-1.7B,late,0.636243,10,10
Qwen3-14B,late,1.07086,10,10
Qwen3-4B,late,1.02394,10,10
Qwen3-8B-Base,late,1.24694,10,10
Qwen3-8B,late,0.83808,10,10
Mixtral-8x7B,early,5.24996,10,10
Mixtral-8x7B,mid,1.77962,10,10
Mixtral-8x7B,late,1.19913,10,10
