model,band,alpha,ci_lo,ci_hi,ci_excludes_1
InternLM3-8B-Instruct,early,2.61585,1.51319,4.10316,ZH
InternLM3-8B-Instruct,mid,1.37668,0.599101,3.16546,-
InternLM3-8B-Instruct,late,0.921559,0.831641,1.07342,-
Llama-3.1-8B,early,1.45414,0.506025,6.4904,-
Llama-3.1-8B,mid,6.73311,3.11447,12.9935,ZH
Llama-3.1-8B,late,2.60144,1.62186,3.60775,ZH
Llama-3.1-8B-Base,early,3.90084,1.75071,8.22922,ZH
Llama-3.1-8B-Base,mid,78.8288,6.31908,236.892,ZH
Llama-3.1-8B-Base,late,2.46478,1.59,3.44072,ZH
Mistral-7B,early,12.1402,6.39453,21.3186,ZH
Mistral-7B,mid,3.94077,2.48145,5.66612,ZH
Mistral-7B,late,1.61904,1.31401,1.94561,ZH
Mixtral-8x7B,early,5.24996,2.74956,8.89543,ZH
Mixtral-8x7B,mid,1.77962,1.23297,2.50428,ZH
Mixtral-8x7B,late,1.19913,1.01231,1.4056,ZH
Qwen3-0.6B,early,3.70924,0.241001,61.2045,-
Qwen3-0.6B,mid,0.176336,0.0706031,0.79717,EN
Qwen3-0.6B,late,0.625367,0.287138,1.20936,-
Qwen3-1.7B,early,0.151101,0.0475102,0.845964,EN
Qwen3-1.7B,mid,0.29945,0.0941318,2.34751,-
Qwen3-1.7B,late,0.636243,0.478225,0.844938,EN
Qwen3-14B,early,2.16242,1.05152,5.54031,ZH
Qwen3-14B,mid,0.578137,0.219004,2.30242,-
Qwen3-14B,late,1.07086,0.52426,2.8445,-
Qwen3-4B,early,0.638972,0.211569,2.41917,-
Qwen3-4B,mid,1.22642,0.280448,4.89243,-
Qwen3-4B,late,1.02394,0.801741,1.36492,-
Qwen3-8B,early,1.99792,0.650877,11.4729,-
Qwen3-8B,mid,0.380181,0.147939,1.71822,-
Qwen3-8B,late,0.83808,0.669079,1.35849,-
Qwen3-8B-Base,early,2.71335,1.16428,8.40339,ZH
Qwen3-8B-Base,mid,0.593084,0.297521,1.73187,-
Qwen3-8B-Base,late,1.24694,1.0922,1.56604,ZH
