model,layer,rho,p
Qwen3-8B,0,0.899194,2.714e-12
Qwen3-8B,1,0.951613,1.000e-16
Qwen3-8B,2,0.950147,1.000e-16
Qwen3-8B,3,0.962243,1.000e-16
Qwen3-8B,4,0.954545,1.000e-16
Qwen3-8B,5,0.984604,1.000e-16
Qwen3-8B,6,0.970674,1.000e-16
Qwen3-8B,7,0.986437,1.000e-16
Qwen3-8B,8,0.984971,1.000e-16
Qwen3-8B,9,0.987537,1.000e-16
Qwen3-8B,10,0.981672,1.000e-16
Qwen3-8B,11,0.989003,1.000e-16
Qwen3-8B,12,0.978739,1.000e-16
Qwen3-8B,13,0.991569,1.000e-16
Qwen3-8B,14,0.996334,1.000e-16
Qwen3-8B,15,0.997434,1.000e-16
Qwen3-8B,16,0.993768,1.000e-16
Qwen3-8B,17,0.991202,1.000e-16
Qwen3-8B,18,0.991202,1.000e-16
Qwen3-8B,19,0.994501,1.000e-16
Qwen3-8B,20,0.994135,1.000e-16
Qwen3-8B,21,0.994135,1.000e-16
Qwen3-8B,22,0.991935,1.000e-16
Qwen3-8B,23,0.980205,1.000e-16
Qwen3-8B,24,0.994135,1.000e-16
Qwen3-8B,25,0.985704,1.000e-16
Qwen3-8B,26,0.990836,1.000e-16
Qwen3-8B,27,0.960411,1.000e-16
Qwen3-8B,28,0.949780,1.106e-16
Qwen3-8B,29,0.979472,1.000e-16
Qwen3-8B,30,0.935850,3.959e-15
Qwen3-8B,31,0.871334,8.701e-11
Qwen3-8B,32,0.835411,2.718e-09
Qwen3-8B,33,0.970674,1.000e-16
Qwen3-8B,34,0.968109,1.000e-16
Qwen3-8B,35,0.962610,1.000e-16
Qwen3-4B,0,0.961144,1.000e-16
Qwen3-4B,1,0.970674,1.000e-16
Qwen3-4B,2,0.963343,1.000e-16
Qwen3-4B,3,0.962243,1.000e-16
Qwen3-4B,4,0.953079,1.000e-16
Qwen3-4B,5,0.971041,1.000e-16
Qwen3-4B,6,0.906525,9.195e-13
Qwen3-4B,7,0.992302,1.000e-16
Qwen3-4B,8,0.978006,1.000e-16
Qwen3-4B,9,0.995235,1.000e-16
Qwen3-4B,10,0.981672,1.000e-16
Qwen3-4B,11,0.991935,1.000e-16
Qwen3-4B,12,0.995968,1.000e-16
Qwen3-4B,13,0.995235,1.000e-16
Qwen3-4B,14,0.991935,1.000e-16
Qwen3-4B,15,0.995968,1.000e-16
Qwen3-4B,16,0.987903,1.000e-16
Qwen3-4B,17,0.990836,1.000e-16
Qwen3-4B,18,0.989370,1.000e-16
Qwen3-4B,19,0.998534,1.000e-16
Qwen3-4B,20,0.995601,1.000e-16
Qwen3-4B,21,0.994501,1.000e-16
Qwen3-4B,22,0.994501,1.000e-16
Qwen3-4B,23,0.987903,1.000e-16
Qwen3-4B,24,0.989370,1.000e-16
Qwen3-4B,25,0.969208,1.000e-16
Qwen3-4B,26,0.994501,1.000e-16
Qwen3-4B,27,0.938416,2.184e-15
Qwen3-4B,28,0.954179,1.000e-16
Qwen3-4B,29,0.967009,1.000e-16
Qwen3-4B,30,0.927786,2.215e-14
Qwen3-4B,31,0.946481,2.808e-16
Qwen3-4B,32,0.868768,1.149e-10
Qwen3-4B,33,0.967742,1.000e-16
Qwen3-4B,34,0.972507,1.000e-16
Qwen3-4B,35,0.945015,4.171e-16
Llama-3.1-8B,0,0.848240,8.807e-10
Llama-3.1-8B,1,0.939150,1.834e-15
Llama-3.1-8B,2,0.943548,6.129e-16
Llama-3.1-8B,3,0.975806,1.000e-16
Llama-3.1-8B,4,0.958211,1.000e-16
Llama-3.1-8B,5,0.958944,1.000e-16
Llama-3.1-8B,6,0.981305,1.000e-16
Llama-3.1-8B,7,0.990103,1.000e-16
Llama-3.1-8B,8,0.976540,1.000e-16
Llama-3.1-8B,9,0.969941,1.000e-16
Llama-3.1-8B,10,0.968842,1.000e-16
Llama-3.1-8B,11,0.989736,1.000e-16
Llama-3.1-8B,12,0.982405,1.000e-16
Llama-3.1-8B,13,0.983871,1.000e-16
Llama-3.1-8B,14,0.921554,7.348e-14
Llama-3.1-8B,15,0.959311,1.000e-16
Llama-3.1-8B,16,0.989003,1.000e-16
Llama-3.1-8B,17,0.926686,2.758e-14
Llama-3.1-8B,18,0.957478,1.000e-16
Llama-3.1-8B,19,0.920455,8.987e-14
Llama-3.1-8B,20,0.918988,1.170e-13
Llama-3.1-8B,21,0.919355,1.096e-13
Llama-3.1-8B,22,0.961877,1.000e-16
Llama-3.1-8B,23,0.899560,2.576e-12
Llama-3.1-8B,24,0.840543,1.752e-09
Llama-3.1-8B,25,0.733138,1.821e-06
Llama-3.1-8B,26,0.662023,3.679e-05
Llama-3.1-8B,27,0.789589,7.795e-08
Llama-3.1-8B,28,0.958578,1.000e-16
Llama-3.1-8B,29,0.846041,1.076e-09
Llama-3.1-8B,30,0.829179,4.540e-09
Llama-3.1-8B,31,0.777493,1.651e-07
Mistral-7B,0,0.944282,5.063e-16
Mistral-7B,1,0.868768,1.149e-10
Mistral-7B,2,0.945015,4.171e-16
Mistral-7B,3,0.946481,2.808e-16
Mistral-7B,4,0.877933,4.136e-11
Mistral-7B,5,0.940616,1.285e-15
Mistral-7B,6,0.937683,2.595e-15
Mistral-7B,7,0.950513,1.000e-16
Mistral-7B,8,0.941716,9.777e-16
Mistral-7B,9,0.979472,1.000e-16
Mistral-7B,10,0.964809,1.000e-16
Mistral-7B,11,0.951979,1.000e-16
Mistral-7B,12,0.977273,1.000e-16
Mistral-7B,13,0.984604,1.000e-16
Mistral-7B,14,0.967009,1.000e-16
Mistral-7B,15,0.957478,1.000e-16
Mistral-7B,16,0.960411,1.000e-16
Mistral-7B,17,0.875000,5.786e-11
Mistral-7B,18,0.973974,1.000e-16
Mistral-7B,19,0.946848,2.540e-16
Mistral-7B,20,0.934384,5.502e-15
Mistral-7B,21,0.855205,4.571e-10
Mistral-7B,22,0.847141,9.738e-10
Mistral-7B,23,0.653226,5.054e-05
Mistral-7B,24,0.785191,1.030e-07
Mistral-7B,25,0.789956,7.614e-08
Mistral-7B,26,0.597507,3.052e-04
Mistral-7B,27,0.776026,1.803e-07
Mistral-7B,28,0.718842,3.581e-06
Mistral-7B,29,0.701979,7.558e-06
Mistral-7B,30,0.596041,3.186e-04
Mistral-7B,31,0.646261,6.453e-05
